{
  "combination_name": "pair_310.0_330.0",
  "excitations_in_combination": [
    "310.0",
    "330.0"
  ],
  "n_components": 4,
  "explained_variance": 0.49981449340144124,
  "reconstruction_error": 6273.837075604542,
  "excitations_used": [
    "310.0",
    "330.0"
  ],
  "concentration_stats": {
    "shape": [
      256,
      348,
      4
    ],
    "component_means": [
      216.72510985291095,
      11.252727786468112,
      31.5678968179865,
      279.5363124434894
    ],
    "component_stds": [
      477.4552495482511,
      22.743500229968703,
      28.412749949876893,
      200.74682841641564
    ],
    "component_maxes": [
      20731.293289326033,
      1151.8687177227923,
      495.9880453802984,
      3668.341104432042
    ]
  }
}