{
  "combination_name": "pair_330.0_340.0",
  "excitations_in_combination": [
    "330.0",
    "340.0"
  ],
  "n_components": 4,
  "explained_variance": -4.734036193795193,
  "reconstruction_error": 67318.54547762156,
  "excitations_used": [
    "330.0",
    "340.0"
  ],
  "concentration_stats": {
    "shape": [
      256,
      348,
      4
    ],
    "component_means": [
      689.2664273466121,
      82.39707338555326,
      24.05645079860295,
      6.443574019820122
    ],
    "component_stds": [
      770.2714198825263,
      54.099221055130855,
      62.64881641156654,
      15.09089177167798
    ],
    "component_maxes": [
      12876.339340934346,
      789.7507949232836,
      3530.5861218918153,
      914.5489298963286
    ]
  }
}