{
  "combination_name": "pair_310.0_350.0",
  "excitations_in_combination": [
    "310.0",
    "350.0"
  ],
  "n_components": 4,
  "explained_variance": 0.07548001897490364,
  "reconstruction_error": 9366.035166107884,
  "excitations_used": [
    "310.0",
    "350.0"
  ],
  "concentration_stats": {
    "shape": [
      256,
      348,
      4
    ],
    "component_means": [
      134.02821275943518,
      139.4237728882394,
      65.86003896401355,
      33.78450455832034
    ],
    "component_stds": [
      248.52583557629703,
      320.6587809838685,
      47.95050835658079,
      27.683821904655762
    ],
    "component_maxes": [
      9439.532684638023,
      17933.01907809448,
      922.2371856351738,
      526.2590380704922
    ]
  }
}