{
  "combination_name": "pair_300.0_310.0",
  "excitations_in_combination": [
    "300.0",
    "310.0"
  ],
  "n_components": 4,
  "explained_variance": 0.6308151692933069,
  "reconstruction_error": 4662.455108509019,
  "excitations_used": [
    "300.0",
    "310.0"
  ],
  "concentration_stats": {
    "shape": [
      256,
      348,
      4
    ],
    "component_means": [
      39.22609070861439,
      91.02016566358624,
      87.15543091449156,
      29.271358713427137
    ],
    "component_stds": [
      368.4378581511298,
      263.9617652527411,
      73.34006252845876,
      22.029528700869488
    ],
    "component_maxes": [
      30344.072299035553,
      17032.830963682474,
      1721.933717844841,
      431.53895249433265
    ]
  }
}