{
  "combination_name": "single_330.0",
  "excitations_in_combination": [
    "330.0"
  ],
  "n_components": 4,
  "explained_variance": 0.9559722899559059,
  "reconstruction_error": 322.4519381720834,
  "excitations_used": [
    "330.0"
  ],
  "concentration_stats": {
    "shape": [
      256,
      348,
      4
    ],
    "component_means": [
      354.7554388349856,
      83.57424397402869,
      31.020393132826193,
      36.91926987081798
    ],
    "component_stds": [
      238.11643510346576,
      122.207586782591,
      47.57206755816206,
      69.09630795158026
    ],
    "component_maxes": [
      3302.8697869602943,
      3593.650039148962,
      1978.6674829122435,
      3368.4135666595157
    ]
  }
}