{
  "combination_name": "pair_320.0_350.0",
  "excitations_in_combination": [
    "320.0",
    "350.0"
  ],
  "n_components": 4,
  "explained_variance": 0.12511017517358336,
  "reconstruction_error": 6932.38263317428,
  "excitations_used": [
    "320.0",
    "350.0"
  ],
  "concentration_stats": {
    "shape": [
      256,
      348,
      4
    ],
    "component_means": [
      368.863271524102,
      100.47770721525266,
      44.92071374570319,
      12.809836316301187
    ],
    "component_stds": [
      580.2458434554651,
      80.92890423758604,
      34.04986298468703,
      25.476461023769687
    ],
    "component_maxes": [
      18014.343733358914,
      1460.3884976659801,
      659.7456283902594,
      1108.2556537898245
    ]
  }
}