{
  "combination_name": "pair_320.0_330.0",
  "excitations_in_combination": [
    "320.0",
    "330.0"
  ],
  "n_components": 4,
  "explained_variance": -2.1205110359946193,
  "reconstruction_error": 43218.24069037132,
  "excitations_used": [
    "320.0",
    "330.0"
  ],
  "concentration_stats": {
    "shape": [
      256,
      348,
      4
    ],
    "component_means": [
      678.5017355670948,
      111.31915132552896,
      16.609381434684376,
      16.14604581439682
    ],
    "component_stds": [
      1068.6997200556482,
      75.78668463084377,
      27.83926336576646,
      37.82244311120539
    ],
    "component_maxes": [
      33514.84753386361,
      1154.0406514756455,
      1175.0588187229323,
      2090.6710884985578
    ]
  }
}