{
  "combination_name": "single_340.0",
  "excitations_in_combination": [
    "340.0"
  ],
  "n_components": 4,
  "explained_variance": 0.9625537674148634,
  "reconstruction_error": 217.1063439675916,
  "excitations_used": [
    "340.0"
  ],
  "concentration_stats": {
    "shape": [
      256,
      348,
      4
    ],
    "component_means": [
      296.1790007294138,
      121.16786266767883,
      43.63090035360313,
      3.8782824999062075
    ],
    "component_stds": [
      193.515528773337,
      120.92864566141456,
      73.73367023482874,
      23.372449770680134
    ],
    "component_maxes": [
      2855.570862588458,
      2136.285618229545,
      3382.913194027591,
      2067.178823957245
    ]
  }
}