{
  "combination_name": "single_300.0",
  "excitations_in_combination": [
    "300.0"
  ],
  "n_components": 4,
  "explained_variance": 0.920803230647697,
  "reconstruction_error": 1156.8682914655553,
  "excitations_used": [
    "300.0"
  ],
  "concentration_stats": {
    "shape": [
      256,
      348,
      4
    ],
    "component_means": [
      336.5875546581036,
      10.44170307020982,
      108.81129947329755,
      91.08373550996461
    ],
    "component_stds": [
      291.62808513133166,
      88.7726520609363,
      223.4294485523203,
      129.59148336679303
    ],
    "component_maxes": [
      6526.398355598644,
      8373.9227116719,
      8926.998524240305,
      5736.306996426928
    ]
  }
}