{
  "n_clusters": 6,
  "n_samples": 61833,
  "unique_clusters": [
    0,
    1,
    2,
    3,
    4,
    5
  ],
  "silhouette_score": 0.31539693585886197,
  "davies_bouldin_score": 0.5844019297075165,
  "calinski_harabasz_score": 88793.2784854979,
  "spatial_coherence": 0.9131531706370385
}