{
  "combination_name": "single_350.0",
  "excitations_in_combination": [
    "350.0"
  ],
  "n_components": 4,
  "explained_variance": 0.964231136468064,
  "reconstruction_error": 157.45262865861463,
  "excitations_used": [
    "350.0"
  ],
  "concentration_stats": {
    "shape": [
      256,
      348,
      4
    ],
    "component_means": [
      275.69329729900494,
      74.82837682442802,
      36.18999642881343,
      50.77156000594346
    ],
    "component_stds": [
      177.40623965394855,
      91.68658907900168,
      68.11333175696153,
      43.648763161982934
    ],
    "component_maxes": [
      2300.081255556969,
      2423.5103663919854,
      2786.231943519474,
      736.8598233640713
    ]
  }
}