{
  "combination_name": "single_320.0",
  "excitations_in_combination": [
    "320.0"
  ],
  "n_components": 4,
  "explained_variance": 0.9463336119073538,
  "reconstruction_error": 464.51915515980653,
  "excitations_used": [
    "320.0"
  ],
  "concentration_stats": {
    "shape": [
      256,
      348,
      4
    ],
    "component_means": [
      379.0064221799135,
      79.64447795970423,
      78.70836268968228,
      13.848383162003636
    ],
    "component_stds": [
      271.28986131367697,
      132.01145807172801,
      86.82591058573249,
      55.06747680892683
    ],
    "component_maxes": [
      4763.787188015897,
      4509.873718473828,
      2721.7741318023477,
      4452.431623072871
    ]
  }
}