{
  "combination_name": "pair_320.0_340.0",
  "excitations_in_combination": [
    "320.0",
    "340.0"
  ],
  "n_components": 4,
  "explained_variance": -0.1384576095581238,
  "reconstruction_error": 13498.672330991662,
  "excitations_used": [
    "320.0",
    "340.0"
  ],
  "concentration_stats": {
    "shape": [
      256,
      348,
      4
    ],
    "component_means": [
      420.0012032114114,
      43.40970983217548,
      98.44936710237765,
      11.921843080763205
    ],
    "component_stds": [
      742.8992803837556,
      31.65577524996657,
      73.83719276762194,
      22.910078950175862
    ],
    "component_maxes": [
      24979.417305574945,
      628.052959831862,
      1532.6053275713634,
      1015.9937474787637
    ]
  }
}