{
  "combination_name": "pair_300.0_320.0",
  "excitations_in_combination": [
    "300.0",
    "320.0"
  ],
  "n_components": 4,
  "explained_variance": 0.40544010249574025,
  "reconstruction_error": 8391.502193542898,
  "excitations_used": [
    "300.0",
    "320.0"
  ],
  "concentration_stats": {
    "shape": [
      256,
      348,
      4
    ],
    "component_means": [
      81.61165222925091,
      309.8523722100631,
      113.09583151673355,
      29.76224007418758
    ],
    "component_stds": [
      171.9036088925612,
      1287.7664307933715,
      84.83342550947665,
      39.1474833171646
    ],
    "component_maxes": [
      6426.767759339196,
      102590.50479110953,
      1419.3999305640773,
      1092.1267128468273
    ]
  }
}