{
  "combination_name": "pair_330.0_350.0",
  "excitations_in_combination": [
    "330.0",
    "350.0"
  ],
  "n_components": 4,
  "explained_variance": -1.306768266200932,
  "reconstruction_error": 26659.705308719924,
  "excitations_used": [
    "330.0",
    "350.0"
  ],
  "concentration_stats": {
    "shape": [
      256,
      348,
      4
    ],
    "component_means": [
      226.03610357318064,
      11.795736344199357,
      31.022649398960134,
      81.24006026669046
    ],
    "component_stds": [
      453.45043077211307,
      27.6174244668436,
      23.71552849965682,
      55.420352382216514
    ],
    "component_maxes": [
      20513.895202278865,
      1422.3515444922887,
      446.4729236252889,
      531.3487103095639
    ]
  }
}