{
  "combination_name": "pair_300.0_330.0",
  "excitations_in_combination": [
    "300.0",
    "330.0"
  ],
  "n_components": 4,
  "explained_variance": 0.46905663242758866,
  "reconstruction_error": 7066.597487224403,
  "excitations_used": [
    "300.0",
    "330.0"
  ],
  "concentration_stats": {
    "shape": [
      256,
      348,
      4
    ],
    "component_means": [
      87.1334530654497,
      849.7973174425302,
      113.70671965799951,
      24.819259425628776
    ],
    "component_stds": [
      172.74976524086847,
      3956.011608465563,
      85.45749071099198,
      26.87739048557871
    ],
    "component_maxes": [
      6364.844878054715,
      336764.6215714976,
      1306.3813529742897,
      616.4116464458557
    ]
  }
}