{
  "combination_name": "pair_310.0_320.0",
  "excitations_in_combination": [
    "310.0",
    "320.0"
  ],
  "n_components": 4,
  "explained_variance": -0.19012981383775673,
  "reconstruction_error": 17407.658729603056,
  "excitations_used": [
    "310.0",
    "320.0"
  ],
  "concentration_stats": {
    "shape": [
      256,
      348,
      4
    ],
    "component_means": [
      317.12698861906716,
      9.626517489065096,
      55.143865707624286,
      103.23786561220138
    ],
    "component_stds": [
      754.7076166326556,
      18.870555620411753,
      42.484585711989354,
      76.6951100913101
    ],
    "component_maxes": [
      33190.303838002335,
      948.2449980955865,
      1152.428762664952,
      1452.5438150295292
    ]
  }
}