{
  "combination_name": "single_310.0",
  "excitations_in_combination": [
    "310.0"
  ],
  "n_components": 4,
  "explained_variance": 0.9365185438718303,
  "reconstruction_error": 652.0223398625968,
  "excitations_used": [
    "310.0"
  ],
  "concentration_stats": {
    "shape": [
      256,
      348,
      4
    ],
    "component_means": [
      188.02765249968377,
      230.25752930199155,
      95.4235628936166,
      8.0296777533607
    ],
    "component_stds": [
      259.26195727902655,
      172.51376114688674,
      119.36150501812746,
      52.31720122313791
    ],
    "component_maxes": [
      8084.779336559552,
      3409.4121172716937,
      4443.982100333706,
      4904.149122666799
    ]
  }
}