{
  "combination_name": "pair_300.0_350.0",
  "excitations_in_combination": [
    "300.0",
    "350.0"
  ],
  "n_components": 4,
  "explained_variance": 0.1831377738064922,
  "reconstruction_error": 9926.167587327098,
  "excitations_used": [
    "300.0",
    "350.0"
  ],
  "concentration_stats": {
    "shape": [
      256,
      348,
      4
    ],
    "component_means": [
      99.67282459507734,
      150.03665352256326,
      66.82349633137416,
      23.854387824917403
    ],
    "component_stds": [
      223.57475826162624,
      667.5955469417047,
      50.450251270442266,
      17.7468861047058
    ],
    "component_maxes": [
      9009.772249479207,
      56433.04082002838,
      951.4807350201224,
      343.2157811888987
    ]
  }
}