{
  "combination_name": "pair_310.0_340.0",
  "excitations_in_combination": [
    "310.0",
    "340.0"
  ],
  "n_components": 4,
  "explained_variance": -0.884393081430999,
  "reconstruction_error": 23345.219140151064,
  "excitations_used": [
    "310.0",
    "340.0"
  ],
  "concentration_stats": {
    "shape": [
      256,
      348,
      4
    ],
    "component_means": [
      148.8637047680042,
      136.40384715054495,
      63.713356140058195,
      28.73831525046574
    ],
    "component_stds": [
      259.76554477445654,
      308.5782507080851,
      47.524344886268814,
      28.316978098083595
    ],
    "component_maxes": [
      9309.410202909354,
      18390.354137292285,
      873.5956003398903,
      636.8269967509576
    ]
  }
}