{
  "combination_name": "pair_340.0_350.0",
  "excitations_in_combination": [
    "340.0",
    "350.0"
  ],
  "n_components": 4,
  "explained_variance": -7.5942449976486355,
  "reconstruction_error": 95905.45510005543,
  "excitations_used": [
    "340.0",
    "350.0"
  ],
  "concentration_stats": {
    "shape": [
      256,
      348,
      4
    ],
    "component_means": [
      40.53066157451219,
      2.1476884727365406,
      77.97910000774208,
      55.464589442616784
    ],
    "component_stds": [
      267.8850445854164,
      11.985654981101503,
      48.33658121325516,
      41.60010491520552
    ],
    "component_maxes": [
      19488.991723412826,
      631.7319360482865,
      510.07782178665025,
      342.3916662278136
    ]
  }
}